Model,MSE,RMSE,MAE,R2
RF Regressor,0.2595541353383459,0.509464557489867,0.39280075187969926,0.654789349981379
XGB Regressor,0.27406245470046997,0.5235097465190787,0.39901942014694214,0.6354930996894836
