Model,Accuracy,Precision,Recall,F1-Score,ROC-AUC
RF Classifier,0.9953007518796992,0.9949685534591195,0.9987373737373737,0.9968494013862634,0.9990066102198456
