Model,Accuracy,Precision,Recall,F1-Score
Logistic Regression,0.6989795918367347,0.39276485788113696,0.7169811320754716,0.5075125208681135
Random Forest (Optimized),0.8846938775510204,0.751269035532995,0.6981132075471698,0.7237163814180929
