Feature,VIF
density,1204.220091524618
pH,675.4127103051146
alcohol,146.084114906815
fixed acidity,109.71324923748904
chlorides,27.710113900547878
total sulfur dioxide,26.942144824630827
sulphates,26.333979665697996
citric acid,16.151929948705494
volatile acidity,14.418139085847786
free sulfur dioxide,11.143333634732812
residual sugar,3.9079632762903325
