Model,Accuracy,Precision,Recall,F1-Score,ROC-AUC
Combined Random Forest,0.8430451127819549,0.7272727272727273,0.27722772277227725,0.4014336917562724,0.8660954262479612
XGBoost (Optimized),0.8101503759398496,0.5,0.7029702970297029,0.5843621399176955,0.8533688635684915
