Feature,VIF
density,1956.725171076232
pH,1409.8863850252062
alcohol,151.86294290206624
fixed acidity,103.02488622578842
sulphates,38.598049619903726
chlorides,38.20355392643606
residual sugar,30.583173403878313
volatile acidity,21.82199037778082
citric acid,9.258631374089363
total sulfur dioxide,7.2308020409195235
free sulfur dioxide,7.053320404952722
